Electrode_location,Pain,Itching,Tingling_Electrial,Warmth_Heat,Metalic_Iron,Pleasant
total,0.620059986085577,17.8360600474508,15.3332847930535,1.66585065230906,0.745673032128434,88.5646430008874
