Electrode_location,Pain,Itching,Tingling_Electrial,Warmth_Heat,Metalic_Iron,Pleasant
total,19.3528267075255,0.869934135629039,0.486576663362581,18.7117378750998,0.483497210890261,84.4643934286431
