Electrode_location,Pain,Itching,Tingling_Electrial,Warmth_Heat,Metalic_Iron,Pleasant
total,1.9791961383392,8.59731822781425,6.11993034364762,4.93769909876544,1.08776384038409,104.81941775179
