Electrode_location,Pain,Itching,Tingling_Electrial,Warmth_Heat,Metalic_Iron,Pleasant
total,0.480456490928155,0.808556113237618,0.479451398796568,1.03743593731696,0.922186427995178,89.8737980465773
