Electrode_location,Pain,Itching,Tingling_Electrial,Warmth_Heat,Metalic_Iron,Pleasant
total,0.115748892056132,2.99313200597907,24.3541651942275,3.44892214968934,1.00951278261639,90.1284656580718
