Electrode_location,Pain,Itching,Tingling_Electrial,Warmth_Heat,Metalic_Iron,Pleasant
total,70.9158350024457,69.8364850630717,0.373662829642149,69.1859357956662,1.32661251590427,20.5398187177479
