Electrode_location,Pain,Itching,Tingling_Electrial,Warmth_Heat,Metalic_Iron,Pleasant
total,7.58617142136454,4.03180109807372,9.94600494241729,8.37359390356679,0,88.5346136101148
