Electrode_location,Pain,Itching,Tingling_Electrial,Warmth_Heat,Metalic_Iron,Pleasant
total,59.6357289998397,34.3014870354167,26.7829048021751,6.24922551329403,0.610806065902096,66.9462987576166
