Electrode_location,Pain,Itching,Tingling_Electrial,Warmth_Heat,Metalic_Iron,Pleasant
total,2.32980673877315,96.0028563622071,59.8239841834725,0.72217746154481,0.122426692980105,66.062357415674
