Electrode_location,Pain,Itching,Tingling_Electrial,Warmth_Heat,Metalic_Iron,Pleasant
total,4.01630390949195,21.3760774516092,28.5024360769286,2.60848241114924,0,84.1073096519687
