Electrode_location,Pain,Itching,Tingling_Electrial,Warmth_Heat,Metalic_Iron,Pleasant
total,4.36827743458839,13.6713071321958,13.2405199151872,11.7948294987313,0,87.1760397107576
