Electrode_location,Pain,Itching,Tingling_Electrial,Warmth_Heat,Metalic_Iron,Pleasant
total,1.27819273219926,16.8827001754298,16.6172593233514,11.8336453061607,0.235783769876611,88.5436413656603
