Electrode_location,Pain,Itching,Tingling_Electrial,Warmth_Heat,Metalic_Iron,Pleasant
total,0.981416288846395,20.6589100633075,7.53573174766687,1.43209618416465,1.12575470960237,90.6282180204846
