Electrode_location,Pain,Itching,Tingling_Electrial,Warmth_Heat,Metalic_Iron,Pleasant
total,18.3112000315156,15.0971551581907,25.6021875514418,4.6858998395027,0,58.1878099213056
