Electrode_location,Pain,Itching,Tingling_Electrial,Warmth_Heat,Metalic_Iron,Pleasant
total,0.524431848527755,74.7762991951896,10.1561454383571,0.238731033098909,0,78.8125465602682
