Electrode_location,Pain,Itching,Tingling_Electrial,Warmth_Heat,Metalic_Iron,Pleasant
total,19.4261263979328,21.9400839542031,23.9371087859777,0.702980422735582,0.118624632808747,77.4986459444796
