Electrode_location,Pain,Itching,Tingling_Electrial,Warmth_Heat,Metalic_Iron,Pleasant
total,0.117169119924923,12.3428262354804,11.4283609525592,0.120876992633472,0,93.9451862290376
