Electrode_location,Pain,Itching,Tingling_Electrial,Warmth_Heat,Metalic_Iron,Pleasant
anterior,1.10881212775993,5.13911343977586,3.43118537740835,2.108095312357,0.633777020502411,93.4078394088934
