Electrode_location,Pain,Itching,Tingling_Electrial,Warmth_Heat,Metalic_Iron,Pleasant
total,6.62652509189945,11.4538914160922,9.83513195029121,1.74983599313391,0,88.4051698924173
