Electrode_location,Pain,Itching,Tingling_Electrial,Warmth_Heat,Metalic_Iron,Pleasant
total,0.371241756181497,24.6614933065732,24.3818118768955,13.2476800975435,1.72451327853362,93.9312071028885
