Electrode_location,Pain,Itching,Tingling_Electrial,Warmth_Heat,Metalic_Iron,Pleasant
total,23.3882063007641,23.3253508809759,24.8361027675314,20.0543192793694,0.571795183473218,93.6214847041173
