Electrode_location,Pain,Itching,Tingling_Electrial,Warmth_Heat,Metalic_Iron,Pleasant
total,14.2462270600348,16.5923935465048,38.8224066952436,1.63299000227294,0,93.7972478804384
