Electrode_location,Pain,Itching,Tingling_Electrial,Warmth_Heat,Metalic_Iron,Pleasant
total,0,4.95325747784206,8.97262661489639,16.9538365849969,1.12821743181197,93.2878460720445
