Electrode_location,Pain,Itching,Tingling_Electrial,Warmth_Heat,Metalic_Iron,Pleasant
total,16.7468024546656,15.7284359552192,5.97713956505552,30.1555966957073,0.694460287549775,4.8953306666805
