Electrode_location,Pain,Itching,Tingling_Electrial,Warmth_Heat,Metalic_Iron,Pleasant
total,6.35340267016578,22.7586433813493,26.1468412355809,28.3690462932786,1.78592675485845,94.6797072632924
