Electrode_location,Pain,Itching,Tingling_Electrial,Warmth_Heat,Metalic_Iron,Pleasant
total,0.382816883681839,0,42.3176679501071,27.9756899908956,0.363393306012364,95.8495376567181
