Electrode_location,Pain,Itching,Tingling_Electrial,Warmth_Heat,Metalic_Iron,Pleasant
total,8.18097163304785,12.0947570770121,12.7923020271409,1.96646456829576,1.61879767785018,94.4488328833371
