Electrode_location,Pain,Itching,Tingling_Electrial,Warmth_Heat,Metalic_Iron,Pleasant
total,0.2291818957541,40.0046203004762,41.7637814600623,0.348651555676056,0,93.5534191197815
