Electrode_location,Pain,Itching,Tingling_Electrial,Warmth_Heat,Metalic_Iron,Pleasant
total,1.23997476631269,6.46346719891325,5.43435001186739,1.72451327853362,0,94.2548668801511
