Electrode_location,Pain,Itching,Tingling_Electrial,Warmth_Heat,Metalic_Iron,Pleasant
anterior,1.55461865739816,9.111357044784,10.0151949858275,0.719156116545075,1.50743575877497,93.5035316447845
