Electrode_location,Pain,Itching,Tingling_Electrial,Warmth_Heat,Metalic_Iron,Pleasant
total,1.24536426676835,107.734747700412,26.7541454724217,13.0258406468708,0,94.2958405112715
