Electrode_location,Pain,Itching,Tingling_Electrial,Warmth_Heat,Metalic_Iron,Pleasant
total,2.00516013337689,7.21902082486966,7.15663653306089,2.39644256980647,2.37036747086869,88.1899006048823
