Electrode_location,Pain,Itching,Tingling_Electrial,Warmth_Heat,Metalic_Iron,Pleasant
total,0.478450502998592,22.0887701685846,16.2076923438582,13.6611537069055,0.468666680118267,79.6732807399647
