Electrode_location,Pain,Itching,Tingling_Electrial,Warmth_Heat,Metalic_Iron,Pleasant
total,0.13906715291112,1.25528432545173,2.29543738945608,0,0.243292718264848,94.503259581119
