Electrode_location,Pain,Itching,Tingling_Electrial,Warmth_Heat,Metalic_Iron,Pleasant
total,1.13442163097701,55.7028475961593,55.991232413805,1.97493401088198,0,90.5150043726927
