Electrode_location,Pain,Itching,Tingling_Electrial,Warmth_Heat,Metalic_Iron,Pleasant
total,17.9352889940583,62.6964834282498,53.8297446679091,1.78619179345846,4.22223020614269,73.3007557660064
