Electrode_location,Pain,Itching,Tingling_Electrial,Warmth_Heat,Metalic_Iron,Pleasant
total,2.60256220249981,10.3603656175844,2.11133062557602,2.32309853300766,2.09375192871855,93.968706662656
