Electrode_location,Pain,Itching,Tingling_Electrial,Warmth_Heat,Metalic_Iron,Pleasant
total,42.132659311801,9.22694203471651,51.9027140519515,50.860827547736,0,94.5247684728342
