Electrode_location,Pain,Itching,Tingling_Electrial,Warmth_Heat,Metalic_Iron,Pleasant
total,0.821809328252705,0.258669933386774,7.26954014990229,6.94662644283912,0,75.229644656942
