Electrode_location,Pain,Itching,Tingling_Electrial,Warmth_Heat,Metalic_Iron,Pleasant
total,1.48611375535073,42.5940294833547,20.7361685400605,0.65552951359031,0.248570152059589,77.64738787036
