Electrode_location,Pain,Itching,Tingling_Electrial,Warmth_Heat,Metalic_Iron,Pleasant
total,9.74859424168536,21.7098827598712,21.1843288450461,21.0021977605477,4.54943379258548,94.1408860035199
