Electrode_location,Pain,Itching,Tingling_Electrial,Warmth_Heat,Metalic_Iron,Pleasant
total,0.652543305391903,0.38800160501356,0.636593575963486,1.71151603378911,1.09935763877563,94.4205572912026
