Electrode_location,Pain,Itching,Tingling_Electrial,Warmth_Heat,Metalic_Iron,Pleasant
total,0,9.607112678363,27.75854060106,0.608212604826163,0.125924587386277,97.6525011759004
