Electrode_location,Pain,Itching,Tingling_Electrial,Warmth_Heat,Metalic_Iron,Pleasant
total,12.4610822329949,67.4374594745663,71.8414587202899,36.46028332318,0.504795568555829,90.1299221798424
