Electrode_location,Pain,Itching,Tingling_Electrial,Warmth_Heat,Metalic_Iron,Pleasant
total,0.958835661249507,46.9230774265279,47.5613071481223,0.582254137823022,0.231030116895476,93.8916762940808
