Electrode_location,Pain,Itching,Tingling_Electrial,Warmth_Heat,Metalic_Iron,Pleasant
total,56.0664181803548,64.5201827451429,66.9148663271917,135.930044596718,0,17.4359576270497
