Electrode_location,Pain,Itching,Tingling_Electrial,Warmth_Heat,Metalic_Iron,Pleasant
total,1.27560615330047,46.1405003902047,46.3240118774896,0.639435276122996,0.966925571644301,92.7095070703936
