Electrode_location,Pain,Itching,Tingling_Electrial,Warmth_Heat,Metalic_Iron,Pleasant
total,18.274905162316,17.4747742562557,12.4341933916161,19.121334767961,2.52241228343947,93.8691845763654
