Electrode_location,Pain,Itching,Tingling_Electrial,Warmth_Heat,Metalic_Iron,Pleasant
total,17.0228804584016,22.6491273456561,23.8734018725386,17.6761086986535,0.123748791406459,93.1033593217434
