Electrode_location,Pain,Itching,Tingling_Electrial,Warmth_Heat,Metalic_Iron,Pleasant
total,0,13.851419013805,29.4563207732986,15.1338463087026,1.60140036411537,90.6160599083992
