Electrode_location,Pain,Itching,Tingling_Electrial,Warmth_Heat,Metalic_Iron,Pleasant
total,25.1400769045626,73.8556612197165,67.6878637049983,0.357349500564039,0.115051611453924,91.8100993951178
