Electrode_location,Pain,Itching,Tingling_Electrial,Warmth_Heat,Metalic_Iron,Pleasant
total,0.937270652827726,86.2359651350943,1.54494731182869,85.7230210730191,0.697277293067034,126.946428027107
