Electrode_location,Pain,Itching,Tingling_Electrial,Warmth_Heat,Metalic_Iron,Pleasant
total,0.355869830621878,0,0.826891981272059,0.350071689673413,1.57432911637125,94.4628184720405
