Electrode_location,Pain,Itching,Tingling_Electrial,Warmth_Heat,Metalic_Iron,Pleasant
total,1.25628502895633,15.2429977429016,15.747948820798,3.48932490579639,0.99203556598862,93.2782763795365
