Electrode_location,Pain,Itching,Tingling_Electrial,Warmth_Heat,Metalic_Iron,Pleasant
total,0.702980422735582,7.17011928855922,10.3578000391908,0,0.116218460312551,90.5003870987922
