Electrode_location,Pain,Itching,Tingling_Electrial,Warmth_Heat,Metalic_Iron,Pleasant
total,1.04797664600648,11.6185243527946,11.57664809915,0.498211612613642,0,93.0393995689269
