Electrode_location,Pain,Itching,Tingling_Electrial,Warmth_Heat,Metalic_Iron,Pleasant
total,0.707319368544256,19.9724567488789,10.4077113124901,0.879471397010803,0.501481981881561,82.1070325967234
