Electrode_location,Pain,Itching,Tingling_Electrial,Warmth_Heat,Metalic_Iron,Pleasant
total,0,22.0804451675334,9.56262984278915,0.617387521057729,0.732955062365157,81.2727223048272
