Electrode_location,Pain,Itching,Tingling_Electrial,Warmth_Heat,Metalic_Iron,Pleasant
total,1.10406464562587,10.5816355209438,10.4374753511182,0.710241877060624,1.2912845575389,78.3626666351354
