Electrode_location,Pain,Itching,Tingling_Electrial,Warmth_Heat,Metalic_Iron,Pleasant
total,0.129335625722826,31.6953301560872,0.267111256056788,0,0.264033981259109,94.33640478566
