Electrode_location,Pain,Itching,Tingling_Electrial,Warmth_Heat,Metalic_Iron,Pleasant
total,1.07866337383335,1.07193731832986,4.92912343441769,2.51556099080435,0.774220164928062,93.4799175042697
