Electrode_location,Pain,Itching,Tingling_Electrial,Warmth_Heat,Metalic_Iron,Pleasant
total,39.7901274863015,77.3310739453145,57.4736449089493,30.1523835261254,1.59454566670398,77.0520942522863
