Electrode_location,Pain,Itching,Tingling_Electrial,Warmth_Heat,Metalic_Iron,Pleasant
total,0,34.48291879788,14.6364915912377,26.3941895180197,0.406346233309035,116.218508349387
