Electrode_location,Pain,Itching,Tingling_Electrial,Warmth_Heat,Metalic_Iron,Pleasant
total,0.734521034254815,28.4722184469017,0.255783030739264,0.525634606457613,0.382816883681839,84.7593461894156
