Electrode_location,Pain,Itching,Tingling_Electrial,Warmth_Heat,Metalic_Iron,Pleasant
total,0.498211612613642,143.404362041278,142.661542136051,11.9609928542497,0.66006042406149,59.3987172034679
