Electrode_location,Pain,Itching,Tingling_Electrial,Warmth_Heat,Metalic_Iron,Pleasant
total,2.83878784100538,6.52316122274742,8.33744443884673,5.86846580571931,0.64958417948488,93.6309686666515
