Electrode_location,Pain,Itching,Tingling_Electrial,Warmth_Heat,Metalic_Iron,Pleasant
total,1.38186703302987,0.243810356104085,1.20351580930503,1.80116051572237,0,93.7313969991604
