Electrode_location,Pain,Itching,Tingling_Electrial,Warmth_Heat,Metalic_Iron,Pleasant
total,4.30298203295238,12.211508376476,12.5840724901927,2.37431863143846,0.278809378444735,114.475303918003
