Electrode_location,Pain,Itching,Tingling_Electrial,Warmth_Heat,Metalic_Iron,Pleasant
total,14.995079129176,22.8905516562483,20.7762995658734,6.28689336173646,0.120116762209944,82.5242626144518
