Electrode_location,Pain,Itching,Tingling_Electrial,Warmth_Heat,Metalic_Iron,Pleasant
total,3.83799125679711,61.5437941212367,9.97335162995763,9.88687737681801,0,87.3125787951948
