Electrode_location,Pain,Itching,Tingling_Electrial,Warmth_Heat,Metalic_Iron,Pleasant
total,0,1.05873372320278,4.24062420626405,0.462986120679885,0.463923298626087,126.998075909668
