Electrode_location,Pain,Itching,Tingling_Electrial,Warmth_Heat,Metalic_Iron,Pleasant
total,57.9129407538511,60.5038687154862,63.2489242184145,57.1278568881843,3.63508204103516,83.2338251774469
