Electrode_location,Pain,Itching,Tingling_Electrial,Warmth_Heat,Metalic_Iron,Pleasant
total,49.4127933260696,39.5076754428726,64.4028952411387,53.3606160928192,0,67.8790549445747
