Electrode_location,Pain,Itching,Tingling_Electrial,Warmth_Heat,Metalic_Iron,Pleasant
total,NaN,76.7452874223552,39.9341448557173,55.296594160093,3.82227048285598,98.4499886182787
