Electrode_location,Pain,Itching,Tingling_Electrial,Warmth_Heat,Metalic_Iron,Pleasant
total,0.840758216308798,0.379436701418979,3.85680098558984,5.09086163438752,0.950879985936501,92.7560935983104
