Electrode_location,Pain,Itching,Tingling_Electrial,Warmth_Heat,Metalic_Iron,Pleasant
total,11.2611701202502,18.6304967991929,27.9169130526372,17.0474330754788,0.846078699739117,80.5793474424554
