Electrode_location,Pain,Itching,Tingling_Electrial,Warmth_Heat,Metalic_Iron,Pleasant
total,2.01996819772415,3.7826454465963,12.1809160790055,4.58874041109548,1.33787478668913,95.0021998575883
