Electrode_location,Pain,Itching,Tingling_Electrial,Warmth_Heat,Metalic_Iron,Pleasant
total,0.60692411529218,11.9984323053684,1.09237189470278,1.44109929212214,0.747293876826055,94.036078681033
