Electrode_location,Pain,Itching,Tingling_Electrial,Warmth_Heat,Metalic_Iron,Pleasant
total,22.0906579143082,23.7358753394477,20.3361852875364,19.1684251335201,18.5921384958006,94.154624051596
