Electrode_location,Pain,Itching,Tingling_Electrial,Warmth_Heat,Metalic_Iron,Pleasant
total,0.347242897085765,31.0759690394332,6.96825674137854,0.11528310300573,0,87.5889702533888
