Electrode_location,Pain,Itching,Tingling_Electrial,Warmth_Heat,Metalic_Iron,Pleasant
total,1.92195595893143,21.44346466682,25.7613554830916,0.765599591522799,0.2459031232707,92.1257233674592
