Electrode_location,Pain,Itching,Tingling_Electrial,Warmth_Heat,Metalic_Iron,Pleasant
total,25.8627887420682,15.791191125042,29.5809453222339,27.6292466694657,0.347945800665687,91.2453642667683
