Electrode_location,Pain,Itching,Tingling_Electrial,Warmth_Heat,Metalic_Iron,Pleasant
total,0.719156116545075,2.85054765601756,27.2384279626218,2.00748380400751,0.846078699739117,96.9860990522489
