Electrode_location,Pain,Itching,Tingling_Electrial,Warmth_Heat,Metalic_Iron,Pleasant
total,0.126201953422713,2.90017020768869,20.9279938994553,0.124555846207253,0,93.8228369965577
