Electrode_location,Pain,Itching,Tingling_Electrial,Warmth_Heat,Metalic_Iron,Pleasant
total,26.213187967904,64.877559647714,65.813649086712,1.50743575877497,0,64.7644810053651
