Electrode_location,Pain,Itching,Tingling_Electrial,Warmth_Heat,Metalic_Iron,Pleasant
total,0.260433567813371,74.3726162608789,58.5512847269464,1.59483010758265,1.161241908314,77.625401258993
