Electrode_location,Pain,Itching,Tingling_Electrial,Warmth_Heat,Metalic_Iron,Pleasant
total,0,0.452028329520008,8.48160579402933,0.918490924478232,0.123482092251708,138.012787504183
